<library path="lib/libmavros_extras">
	<class name="adsb" type="mavros::extra_plugins::ADSBPlugin" base_class_type="mavros::plugin::PluginBase">
		<description>Publish/subscribe to the location and information of an ADS-B vehicle.</description>
	</class>
	<class name="cam_imu_sync" type="mavros::extra_plugins::CamIMUSyncPlugin" base_class_type="mavros::plugin::PluginBase">
		<description>Publish camera trigger data for synchronisation of IMU and camera frames.</description>
	</class>
	<class name="companion_process_status" type="mavros::extra_plugins::CompanionProcessStatusPlugin" base_class_type="mavros::plugin::PluginBase">
		<description>Send companion process status report to the FCU.</description>
	</class>
	<class name="onboard_computer_status" type="mavros::extra_plugins::OnboardComputerStatusPlugin" base_class_type="mavros::plugin::PluginBase">
		<description>Send component hadware status to FCU and Groundstation.</description>
	</class>
	<class name="debug_value" type="mavros::extra_plugins::DebugValuePlugin" base_class_type="mavros::plugin::PluginBase">
		<description>Subs/Pubs debug msgs from and to the FCU.</description>
	</class>
	<class name="distance_sensor" type="mavros::extra_plugins::DistanceSensorPlugin" base_class_type="mavros::plugin::PluginBase">
		<description>Publish DISTANCE_SENSOR message data from FCU or connected sensors in companion computer.</description>
	</class>
	<class name="fake_gps" type="mavros::extra_plugins::FakeGPSPlugin" base_class_type="mavros::plugin::PluginBase">
		<description> Sends fake GPS from local position estimation source data (motion capture, vision) to FCU.</description>
	</class>
	<class name="gps_rtk" type="mavros::extra_plugins::GpsRtkPlugin" base_class_type="mavros::plugin::PluginBase">
		<description>Sends the RTCM messages to the FCU for the RTK Fix.</description>
	</class>
	<class name="landing_target" type="mavros::extra_plugins::LandingTargetPlugin" base_class_type="mavros::plugin::PluginBase">
		<description>Publish/subscribe to data stream with location of a landing area captured from a downward facing camera.</description>
	</class>
	<class name="log_transfer" type="mavros::extra_plugins::LogTransferPlugin" base_class_type="mavros::plugin::PluginBase">
		<description>Expose firmware functionality, that is related to log transfer</description>
	</class>
	<class name="mocap_pose_estimate" type="mavros::extra_plugins::MocapPoseEstimatePlugin" base_class_type="mavros::plugin::PluginBase">
		<description>Send motion capture pose estimate to FCU.</description>
	</class>
	<class name="obstacle_distance" type="mavros::extra_plugins::ObstacleDistancePlugin" base_class_type="mavros::plugin::PluginBase">
		<description>Send obstacle distance report to the FCU.</description>
	</class>
	<class name="odom" type="mavros::extra_plugins::OdometryPlugin" base_class_type="mavros::plugin::PluginBase">
		<description>Send odometry to FCU from another estimator.</description>
	</class>
	<class name="px4flow" type="mavros::extra_plugins::PX4FlowPlugin" base_class_type="mavros::plugin::PluginBase">
		<description>Publish OPTICAL_FLOW message data from FCU or PX4Flow module.</description>
	</class>
	<class name="rangefinder" type="mavros::extra_plugins::RangefinderPlugin" base_class_type="mavros::plugin::PluginBase">
		<description>Publish RANGEFINDER message data from FCU sensors in companion computer.</description>
	</class>
	<class name="trajectory" type="mavros::extra_plugins::TrajectoryPlugin" base_class_type="mavros::plugin::PluginBase">
		<description>Receive planned path from the FCU and send back corrected path (collision free, smoothed) to the FCU.</description>
	</class>
	<class name="wheel_odometry" type="mavros::extra_plugins::WheelOdometryPlugin" base_class_type="mavros::plugin::PluginBase">
		<description>Compute and publish wheel odometry coming from FCU sensors.</description>
	</class>
	<class name="vibration" type="mavros::extra_plugins::VibrationPlugin" base_class_type="mavros::plugin::PluginBase">
		<description>Publish VIBRATION message data from FCU.</description>
	</class>
	<class name="vision_pose_estimate" type="mavros::extra_plugins::VisionPoseEstimatePlugin" base_class_type="mavros::plugin::PluginBase">
		<description>Send vision pose estimate to FCU.</description>
	</class>
	<class name="vision_speed_estimate" type="mavros::extra_plugins::VisionSpeedEstimatePlugin" base_class_type="mavros::plugin::PluginBase">
		<description>Send vision speed estimate to FCU.</description>
	</class>
	<class name="mount_control" type="mavros::extra_plugins::MountControlPlugin" base_class_type="mavros::plugin::PluginBase">
		<description>Send Mission command to control a camera or a antenna mount.</description>
	</class>
</library>
